"","p_val","avg_log2FC","pct.1","pct.2","p_val_adj","cluster","gene"
"RPS28",2.8450318298248e-21,0.561081014547842,0.998,1,4.13326224236947e-17,"0","RPS28"
"S100A10",1.01575419065374e-15,0.824178768221826,0.947,0.908,1.47568768818175e-11,"0","S100A10"
"FKBP1A",1.12760362780152e-15,0.656403592353483,0.992,0.983,1.63818255047005e-11,"0","FKBP1A"
"HLA-A",3.34133417652229e-15,0.587922698479432,1,0.983,4.85429029165158e-11,"0","HLA-A"
"RPL36",4.09382646601702e-15,0.610447557815083,0.998,1,5.94751108982952e-11,"0","RPL36"
"RPL38",1.86606176334352e-14,0.525918422230279,0.992,0.975,2.71101452978547e-10,"0","RPL38"
"ANXA2",9.20128699091949e-14,0.608399520212191,0.967,0.933,1.33676297404078e-09,"0","ANXA2"
"PECAM1",9.57576246083375e-14,0.634336815524877,0.923,0.849,1.39116677030993e-09,"0","PECAM1"
"TMSB10",2.364519946096e-13,0.599668186839225,1,1,3.43517457768827e-09,"0","TMSB10"
"ATP5E",4.59765134216238e-13,0.597220901072234,0.985,0.992,6.6794678698935e-09,"0","ATP5E"
"RPL34",5.22546879793639e-13,0.425012893220592,0.998,1,7.59156106964199e-09,"0","RPL34"
"ECSCR",2.0070727331688e-12,0.597127433717086,0.843,0.723,2.91587526674763e-08,"0","ECSCR"
"IFITM3",1.12817372866622e-11,0.596889443772487,1,1,1.63901079300628e-07,"0","IFITM3"
"RPS29",2.15906142456676e-11,0.581981640028685,0.987,0.975,3.13668443761059e-07,"0","RPS29"
"B2M",2.36318960041677e-11,0.337622048153491,1,1,3.43324185148548e-07,"0","B2M"
"MTRNR2L12",3.32491970604747e-11,1.65942445869019,0.956,0.899,4.83044334894577e-07,"0","MTRNR2L12"
"RPL37A",6.53105353460548e-11,0.415358013923611,0.998,1,9.48831457507484e-07,"0","RPL37A"
"RNASE1",9.02068037685051e-11,0.670764635924243,0.914,0.916,1.31052444514884e-06,"0","RNASE1"
"RPL39",1.21849840150149e-10,0.489359933742139,0.998,1,1.77023447770136e-06,"0","RPL39"
"RPL26",1.30797800996946e-10,0.425804255314042,1,1,1.90023045288363e-06,"0","RPL26"
"HLA-B",2.106189923754e-10,0.391433307563135,0.998,1,3.05987272122981e-06,"0","HLA-B"
"HYAL2",4.30802209731161e-10,0.602021312379405,0.85,0.739,6.2586945029743e-06,"0","HYAL2"
"S100A16",5.01443617383533e-10,0.566295938431025,0.873,0.832,7.28497287334797e-06,"0","S100A16"
"ENG",7.19631086903232e-10,0.677027845291668,0.908,0.815,1.04548004305301e-05,"0","ENG"
"RPS24",9.73471308023142e-10,0.443583196388552,1,0.992,1.41425911629602e-05,"0","RPS24"
"RPL37",1.37109931819412e-09,0.46673089244112,0.997,0.983,1.99193308947241e-05,"0","RPL37"
"PCAT19",3.49174011181376e-09,0.685839671951416,0.644,0.471,5.07280003444304e-05,"0","PCAT19"
"HSPA1A",4.8813590334239e-09,0.920347604597444,0.934,0.866,7.09163840375824e-05,"0","HSPA1A"
"RPS27",6.32014033466514e-09,0.334714871844417,1,1,9.18189987820151e-05,"0","RPS27"
"IFI27",7.75592833422278e-09,0.690572031209175,0.987,0.983,0.000112678126839588,"0","IFI27"
"FXYD5",1.2464822040709e-08,0.539825451720203,0.784,0.655,0.00018108893460742,"0","FXYD5"
"RPL35A",1.67417838686563e-08,0.320993062068522,0.998,1,0.000243224636043838,"0","RPL35A"
"TIE1",2.25426066082533e-08,0.53509403713295,0.539,0.286,0.000327498988804704,"0","TIE1"
"RPL41",3.26033040043341e-08,0.388799933275522,1,1,0.000473660800574966,"0","RPL41"
"MT-ND3",4.45169064269002e-08,0.697535768285491,0.982,0.992,0.000646741616570007,"0","MT-ND3"
"PRCP",5.03216158828651e-08,0.673956221062278,0.677,0.479,0.000731072435546264,"0","PRCP"
"HSPA1B",5.8916986650693e-08,0.688631216788587,0.876,0.748,0.000855945982061269,"0","HSPA1B"
"MTRNR2L8",8.5224553645393e-08,1.40128014357557,0.988,0.941,0.00123814231536027,"0","MTRNR2L8"
"RPL31",1.07250227785958e-07,0.384241314690079,0.998,0.992,0.00155813130927439,"0","RPL31"
"UBC",1.29410369796699e-07,0.408602925608531,0.997,1,0.00188007385240644,"0","UBC"
"RPS15A",1.31116793522578e-07,0.336379563239769,0.998,1,0.00190486477629602,"0","RPS15A"
"RPL36A",1.98898860606454e-07,0.575387735469373,0.822,0.79,0.00288960264689057,"0","RPL36A"
"SEC62",2.04327649178349e-07,0.388924760387731,0.904,0.874,0.00296847208726306,"0","SEC62"
"RAMP3",2.78229014215026e-07,0.675629761051661,0.797,0.714,0.00404211111851589,"0","RAMP3"
"RPS21",3.14772326168759e-07,0.386826683055447,0.984,0.992,0.00457301235457973,"0","RPS21"
"RAMP2",5.73645205251885e-07,0.395015764643607,0.987,0.958,0.00833391754189939,"0","RAMP2"
"NPDC1",7.58869384465193e-07,0.513927417271483,0.682,0.529,0.0110248544175103,"0","NPDC1"
"GNG11",7.65164237708309e-07,0.404079461399947,0.987,0.983,0.0111163060454263,"0","GNG11"
"VAMP5",9.11809851927152e-07,0.434735852245921,0.947,0.899,0.0132467735287977,"0","VAMP5"
"MYL12B",1.20287661189645e-06,0.372591792520875,0.965,0.966,0.0174753914176316,"0","MYL12B"
"NUDT14",2.13765618417694e-06,0.369445494242955,0.321,0.109,0.0310558690437225,"0","NUDT14"
"RPS26",3.16429588554617e-06,0.356680923747043,0.896,0.899,0.0459708906252148,"0","RPS26"
"HLA-DRA",7.042147890914e-06,0.522975859554944,0.446,0.218,0.102308324559199,"0","HLA-DRA"
"TCN2",7.2397029810859e-06,0.348917492750412,0.353,0.143,0.105178404909216,"0","TCN2"
"TGFBR2",7.28225076071623e-06,0.397104694486478,0.825,0.773,0.105796539051685,"0","TGFBR2"
"CD40",8.33570960387558e-06,0.332701254801673,0.402,0.185,0.121101189125104,"0","CD40"
"IFITM2",9.1261569311397e-06,0.359020029773799,0.977,0.983,0.132584807895598,"0","IFITM2"
"LPAR6",1.01304849983116e-05,0.500275202144414,0.601,0.479,0.147175686055472,"0","LPAR6"
"RPL35",1.02689423378839e-05,0.295432451354825,1,1,0.149187194284777,"0","RPL35"
"CLEC14A",1.03720688095772e-05,0.378932569226453,0.931,0.899,0.150685415665538,"0","CLEC14A"
"POLR2L",1.13237788188478e-05,0.432125417189117,0.824,0.79,0.164511858680221,"0","POLR2L"
"VWF",1.168271307377e-05,0.982399886698611,0.575,0.445,0.169726455535731,"0","VWF"
"EMCN",1.1978960055886e-05,0.409538024710537,0.855,0.807,0.174030331691911,"0","EMCN"
"S1PR1",1.49812647548945e-05,0.37703511338328,0.545,0.319,0.217647814359107,"0","S1PR1"
"FRMD4B",1.77754214409011e-05,0.28830423052921,0.351,0.151,0.258241322693412,"0","FRMD4B"
"RPS17",1.97367134963754e-05,0.256706665231064,1,1,0.286734973675342,"0","RPS17"
"HSPB1",2.3708858169561e-05,0.640103321344654,0.99,0.992,0.344442291487382,"0","HSPB1"
"TM4SF1",3.01746765801927e-05,0.705055404869236,0.957,0.866,0.43837770135704,"0","TM4SF1"
"RPL28",3.46791973704622e-05,0.263411393249274,1,1,0.503819379398075,"0","RPL28"
"HDAC1",3.85104227497009e-05,0.326673806538013,0.32,0.143,0.559479421707654,"0","HDAC1"
"RPS19",4.02783758853703e-05,0.334379965347142,1,1,0.585164244862659,"0","RPS19"
"CD74",4.34810931162292e-05,0.608483809555542,0.802,0.748,0.631693320792578,"0","CD74"
"TGM2",4.53860642184943e-05,0.414037346756487,0.491,0.311,0.659368740966285,"0","TGM2"
"MYCT1",5.47280573088809e-05,0.353662788762037,0.498,0.303,0.795089216583421,"0","MYCT1"
"PTPRM",5.59169135312508e-05,0.363244615635524,0.435,0.252,0.812360919782012,"0","PTPRM"
"S100A11",6.2248844118234e-05,0.365817646751739,0.901,0.899,0.904351207349703,"0","S100A11"
"CARD16",6.65323815613171e-05,0.371163203129526,0.409,0.227,0.966582439322815,"0","CARD16"
"MTRNR2L10",7.22348343069344e-05,1.30343119006416,0.934,0.899,1,"0","MTRNR2L10"
"ITGA5",7.29875488597875e-05,0.367725182366394,0.417,0.244,1,"0","ITGA5"
"MTRNR2L1",7.69484225861918e-05,1.82097800647517,0.695,0.605,1,"0","MTRNR2L1"
"RASGRP3",7.81663885232469e-05,0.348959773864694,0.386,0.202,1,"0","RASGRP3"
"HSPG2",9.8139199548252e-05,0.404379916404899,0.923,0.882,1,"0","HSPG2"
"PET100",9.86378615776765e-05,0.278139057436844,0.376,0.185,1,"0","PET100"
"MALL",0.000102134154270229,0.365871563583889,0.405,0.218,1,"0","MALL"
"NOTCH4",0.00010355637549243,0.383059087324865,0.814,0.79,1,"0","NOTCH4"
"MYL12A",0.000113336504752736,0.314474811227849,0.962,0.924,1,"0","MYL12A"
"LIPA",0.000168895269763449,0.2841527831051,0.338,0.168,1,"0","LIPA"
"VAMP8",0.000175962635875581,0.326536428504727,0.473,0.294,1,"0","VAMP8"
"PDE2A",0.000177072005085801,0.299425823681195,0.288,0.126,1,"0","PDE2A"
"CCDC50",0.000179762289907556,0.334783885799792,0.44,0.277,1,"0","CCDC50"
"TMEM255B",0.00018739967395401,0.311286515103458,0.43,0.252,1,"0","TMEM255B"
"LY96",0.000193226365530434,0.288166364884221,0.303,0.134,1,"0","LY96"
"LDB2",0.000199068571494201,0.364687804519233,0.779,0.739,1,"0","LDB2"
"STAB1",0.000215713207362938,0.305464781687393,0.273,0.118,1,"0","STAB1"
"LAMTOR2",0.000228409547961241,0.292131630891837,0.517,0.353,1,"0","LAMTOR2"
"SERF2",0.000232745313042317,0.264117129692343,0.998,1,1,"0","SERF2"
"SLCO2A1",0.000248383950521615,0.336813327684282,0.341,0.176,1,"0","SLCO2A1"
"TSPAN9",0.000296075256131507,0.26397490116747,0.282,0.126,1,"0","TSPAN9"
"HLA-E",0.000297532394616922,0.259713310948559,1,1,1,"0","HLA-E"
"SLIRP",0.000304521559555239,0.353483114430789,0.506,0.353,1,"0","SLIRP"
"CARD8",0.000369939715130699,0.272130349911013,0.338,0.176,1,"0","CARD8"
"SULF2",0.00037831804890412,0.279388456337213,0.382,0.218,1,"0","SULF2"
"NOSTRIN",0.000397181441023051,0.288786656563095,0.404,0.235,1,"0","NOSTRIN"
"EGFL7",0.00039869585395839,0.355769831397797,0.936,0.924,1,"0","EGFL7"
"ADM",0.000400934140117663,0.475235657277212,0.414,0.269,1,"0","ADM"
"MRPL52",0.000401599240660707,0.272362686660189,0.463,0.286,1,"0","MRPL52"
"ROMO1",0.000418045617430839,0.306479629682005,0.47,0.303,1,"0","ROMO1"
"FCGRT",0.000422136883326599,0.273755921960055,0.845,0.773,1,"0","FCGRT"
"ITGA6",0.000458563305756961,0.338622769711414,0.549,0.412,1,"0","ITGA6"
"ID2",0.00047360760298414,0.490265017676227,0.819,0.815,1,"0","ID2"
"RPL17",0.000477929160851846,0.372227791819493,0.499,0.345,1,"0","RPL17"
"SWAP70",0.000485692136320756,0.359977411557005,0.535,0.403,1,"0","SWAP70"
"PXN",0.000523868354824477,0.254986117940215,0.285,0.134,1,"0","PXN"
"HSP90AB1",0.000570219393254692,0.356527507363056,0.988,0.975,1,"0","HSP90AB1"
"IFI44L",0.000601982597333676,0.289819883736735,0.282,0.134,1,"0","IFI44L"
"VWA1",0.000607720901889305,0.353966802047513,0.372,0.218,1,"0","VWA1"
"FAM198B",0.000641151950593223,0.289946999031843,0.496,0.336,1,"0","FAM198B"
"CXorf36",0.000645548473687893,0.338638279809525,0.374,0.235,1,"0","CXorf36"
"EIF3J",0.00067867725547636,0.274823793985783,0.354,0.202,1,"0","EIF3J"
"AP2S1",0.000772596347585549,0.302668613875294,0.743,0.697,1,"0","AP2S1"
"ANKRD28",0.000844155857480205,0.269928127088147,0.343,0.193,1,"0","ANKRD28"
"OCIAD2",0.000846652121046808,0.280877651072239,0.308,0.16,1,"0","OCIAD2"
"PRDX1",0.000884640042714925,0.265284814735463,0.895,0.891,1,"0","PRDX1"
"AHSA1",0.000912078613620922,0.255625594685793,0.32,0.168,1,"0","AHSA1"
"PNP",0.000973224328900099,0.289020030613797,0.364,0.21,1,"0","PNP"
"TOP1",0.000984029985634396,0.284351037199254,0.446,0.294,1,"0","TOP1"
"RGS3",0.000989194315884824,0.387064338061019,0.479,0.353,1,"0","RGS3"
"APP",0.00106448555949544,0.288635848905169,0.946,0.966,1,"0","APP"
"RPS10",0.00110756935330774,0.254127115211122,0.942,0.966,1,"0","RPS10"
"ITM2A",0.0011307268761589,0.367600832378626,0.69,0.647,1,"0","ITM2A"
"MARCKS",0.00130737418106002,0.287079440039153,0.494,0.328,1,"0","MARCKS"
"MPZL2",0.00166178216174141,0.345764059711538,0.287,0.16,1,"0","MPZL2"
"CALR",0.00166443655943826,0.280143392828776,0.867,0.908,1,"0","CALR"
"TNFAIP8L1",0.00169689040603063,0.259583132050312,0.293,0.16,1,"0","TNFAIP8L1"
"PLVAP",0.00188193826313868,0.405922737402096,0.901,0.941,1,"0","PLVAP"
"MRPL17",0.0019614230349536,0.304471018919745,0.389,0.252,1,"0","MRPL17"
"OST4",0.00208241525963669,0.256814242840658,0.873,0.924,1,"0","OST4"
"EHD4",0.00208963548781493,0.250621996024086,0.465,0.311,1,"0","EHD4"
"GIMAP4",0.00228011423075619,0.313887006951068,0.672,0.613,1,"0","GIMAP4"
"GIMAP7",0.00232795651462461,0.338783488816007,0.783,0.731,1,"0","GIMAP7"
"NAA38",0.00258038651685339,0.324981245315229,0.733,0.697,1,"0","NAA38"
"SNCG",0.00265821671523786,0.28180071069155,0.456,0.319,1,"0","SNCG"
"CCL14",0.00270502967085256,0.344550972679416,0.323,0.202,1,"0","CCL14"
"ABI3",0.00273736767085108,0.260518855592345,0.315,0.185,1,"0","ABI3"
"ITM2B",0.00303012432616722,0.261498824840934,0.998,1,1,"0","ITM2B"
"PLIN2",0.00322453530257219,0.276788020001463,0.356,0.218,1,"0","PLIN2"
"DNASE1L3",0.00349419174824257,1.04480305909093,0.544,0.496,1,"0","DNASE1L3"
"ZFAND2A",0.00381232337776239,1.00879254471335,0.361,0.244,1,"0","ZFAND2A"
"TNFRSF1A",0.00393153473639777,0.254127115211122,0.524,0.387,1,"0","TNFRSF1A"
"S100A13",0.00395761558017589,0.2513881089316,0.572,0.462,1,"0","S100A13"
"ADGRL4",0.00412271116016004,0.257113987117835,0.758,0.748,1,"0","ADGRL4"
"TSPAN7",0.00417144005343054,0.288911230455719,0.339,0.218,1,"0","TSPAN7"
"MT-ND4L",0.00445028742490026,0.289369111965879,0.343,0.218,1,"0","MT-ND4L"
"HLA-F",0.00454007243326409,0.265666022027958,0.465,0.345,1,"0","HLA-F"
"ICAM2",0.00488152587908031,0.390833416818231,0.731,0.739,1,"0","ICAM2"
"S100A6",0.00491106146554185,0.580535771307731,0.842,0.807,1,"0","S100A6"
"CALCRL",0.00542450637952753,0.290967824152964,0.784,0.765,1,"0","CALCRL"
"CACYBP",0.00559242192208434,0.321163194544698,0.387,0.269,1,"0","CACYBP"
"MYO10",0.00570029039074644,0.25519498723685,0.328,0.21,1,"0","MYO10"
"TSPO",0.00616599001798938,0.269484882559748,0.75,0.739,1,"0","TSPO"
"EIF2S2",0.00622130006551824,0.257943626747225,0.498,0.395,1,"0","EIF2S2"
"ADAM15",0.0068391581020377,0.301177801698045,0.545,0.445,1,"0","ADAM15"
"DDIT4",0.00700111386051788,0.444961773925491,0.812,0.807,1,"0","DDIT4"
"IFNGR1",0.00726293929638509,0.281234917666854,0.364,0.252,1,"0","IFNGR1"
"DUSP23",0.00738791452116434,0.284439003727185,0.369,0.252,1,"0","DUSP23"
"CSTB",0.00760215924016286,0.310089572288726,0.621,0.58,1,"0","CSTB"
"ELK3",0.00769292998950265,0.269912239426088,0.542,0.471,1,"0","ELK3"
"DUSP6",0.00770126616849454,0.32370000380738,0.586,0.529,1,"0","DUSP6"
"PSMA4",0.00787020841503593,0.259558847730039,0.608,0.538,1,"0","PSMA4"
"ENO1",0.00870487040444438,0.293949350766812,0.619,0.571,1,"0","ENO1"
"ROBO4",0.00878332157110933,0.258206420707857,0.451,0.328,1,"0","ROBO4"
"RAPGEF5",0.00889261488428301,0.251412000742263,0.346,0.235,1,"0","RAPGEF5"
"NDUFA4L2",1.00625470983139e-98,2.66027931337927,0.924,0.097,1.46188684244305e-94,"1","NDUFA4L2"
"PDGFRB",3.6861465557417e-85,1.27636511822057,0.639,0.013,5.35523371618154e-81,"1","PDGFRB"
"RGS5",1.29199692676421e-83,4.12508628063822,1,0.275,1.87701313520305e-79,"1","RGS5"
"FRZB",5.02662390365028e-83,1.58909411268925,0.697,0.035,7.30267920722313e-79,"1","FRZB"
"HIGD1B",9.81176889188474e-76,1.46901896094345,0.647,0.031,1.42545378461301e-71,"1","HIGD1B"
"FAM162B",1.93870133179045e-72,0.891891579177262,0.529,0.007,2.81654529482516e-68,"1","FAM162B"
"PTN",8.27464286941195e-72,1.2591810050583,0.555,0.013,1.20214011606817e-67,"1","PTN"
"NOTCH3",4.48348384206273e-70,1.14029656237819,0.664,0.046,6.51360532574874e-66,"1","NOTCH3"
"COL1A2",3.24514886938285e-68,1.09323872065537,0.58,0.025,4.71455227743941e-64,"1","COL1A2"
"ACTA2",1.01987360768074e-67,3.15964645034702,0.866,0.194,1.48167237723857e-63,"1","ACTA2"
"TAGLN",8.80732322468917e-67,3.11506153991578,0.824,0.158,1.27952791808284e-62,"1","TAGLN"
"CRISPLD2",6.12686298546365e-63,1.4599167538362,0.588,0.038,8.90110654528159e-59,"1","CRISPLD2"
"ITM2C",4.31056458438962e-62,1.00323060135436,0.546,0.026,6.26238822820124e-58,"1","ITM2C"
"COX4I2",2.95510930134473e-60,1.15024200318266,0.555,0.033,4.29318279299363e-56,"1","COX4I2"
"ITGA7",6.72076606856933e-60,0.724859248960529,0.42,0.002,9.76392894441752e-56,"1","ITGA7"
"MYL9",1.03382883877329e-57,2.20184110725981,0.958,0.437,1.50194653696984e-53,"1","MYL9"
"TPM2",1.04974372511903e-57,2.10268356643982,0.773,0.161,1.52506768385293e-53,"1","TPM2"
"PLA2G5",2.75740451202603e-55,0.99262451175373,0.546,0.038,4.00595727507141e-51,"1","PLA2G5"
"COL3A1",3.87015105652075e-51,1.09401826087042,0.504,0.035,5.62255545491335e-47,"1","COL3A1"
"DCN",6.85771623759179e-50,1.13132175868631,0.555,0.056,9.96289014997335e-46,"1","DCN"
"MFGE8",1.74806055652455e-47,1.41766041553556,0.655,0.122,2.53958237651887e-43,"1","MFGE8"
"CPE",1.07789804166162e-46,0.885981684042247,0.546,0.054,1.565970274926e-42,"1","CPE"
"SEPT4",9.28335729017613e-46,1.12059932397987,0.639,0.109,1.34868614711679e-41,"1","SEPT4"
"SMOC2",1.0394506900317e-45,0.569080531221484,0.361,0.008,1.51011396247805e-41,"1","SMOC2"
"GPR20",8.00605873854716e-45,0.554018541336482,0.319,0.002,1.16312021353613e-40,"1","GPR20"
"CAMK2N1",8.47100150258943e-45,0.609854298778149,0.378,0.013,1.23066709829619e-40,"1","CAMK2N1"
"BGN",1.1787361211416e-44,1.69350215573642,0.815,0.249,1.71246783679451e-40,"1","BGN"
"TBX2-AS1",5.1133389841524e-44,0.697003210003346,0.42,0.025,7.42865887617661e-40,"1","TBX2-AS1"
"ASPN",8.27254373074338e-44,1.16907110504866,0.37,0.013,1.2018351532024e-39,"1","ASPN"
"SYNPO2",1.20171082196313e-40,0.629199389351138,0.378,0.02,1.74584548214803e-36,"1","SYNPO2"
"EDNRA",1.278990548452e-39,0.49038693327625,0.303,0.005,1.85811746879107e-35,"1","EDNRA"
"CALD1",1.38713259342968e-39,1.40379201657218,1,0.84,2.01522623173464e-35,"1","CALD1"
"DKK3",3.7398784894343e-39,0.765772442226582,0.445,0.043,5.43329546945015e-35,"1","DKK3"
"MRVI1",2.41904935014264e-38,0.479410665603061,0.303,0.007,3.51439489588723e-34,"1","MRVI1"
"COLEC11",3.09636094555346e-38,0.733454721953854,0.387,0.026,4.49839318170007e-34,"1","COLEC11"
"ADAP2",7.06204043479598e-38,0.598172493730514,0.353,0.018,1.02597323436716e-33,"1","ADAP2"
"HEYL",3.30854940376847e-37,0.507460446635192,0.286,0.005,4.80666057379483e-33,"1","HEYL"
"TPPP3",1.51472910838968e-36,0.646936212716732,0.429,0.041,2.20059844866852e-32,"1","TPPP3"
"ENPEP",4.66445471978344e-36,0.413319480325762,0.269,0.003,6.77651981690138e-32,"1","ENPEP"
"MYH11",1.27855636877752e-35,1.22807918360512,0.403,0.04,1.85748669255998e-31,"1","MYH11"
"LHFP",7.226829132605e-35,1.23640226746874,0.756,0.295,1.04991373638485e-30,"1","LHFP"
"TPM1",4.72333409888792e-34,1.51444901891949,0.79,0.369,6.86205977886437e-30,"1","TPM1"
"MAP3K7CL",7.02598010244219e-34,0.684374020361798,0.412,0.044,1.0207343892828e-29,"1","MAP3K7CL"
"MTHFD2",1.28164628776145e-33,0.641264240444206,0.42,0.048,1.86197572685984e-29,"1","MTHFD2"
"AXL",1.34504589003191e-33,0.487171779003321,0.294,0.012,1.95408266903836e-29,"1","AXL"
"MYLK",9.75344531574304e-33,1.09152224806635,0.664,0.194,1.41698053547115e-28,"1","MYLK"
"PGF",1.08301028605786e-32,0.957071094461462,0.664,0.171,1.57339734358486e-28,"1","PGF"
"GEM",1.46472417286572e-32,0.669396381001554,0.319,0.02,2.12795127833932e-28,"1","GEM"
"CLMN",4.03815711857568e-32,0.485499104809635,0.336,0.025,5.86663466186674e-28,"1","CLMN"
"PLXDC1",4.90271163642621e-32,0.468526026205921,0.319,0.02,7.12265946539999e-28,"1","PLXDC1"
"EFHD1",3.86480246092687e-31,0.367116084531195,0.269,0.01,5.61478501523456e-27,"1","EFHD1"
"CDH6",4.32135075865465e-31,0.371830778403246,0.252,0.007,6.27805838217347e-27,"1","CDH6"
"GUCY1B3",1.17989601095112e-30,0.414460540558126,0.303,0.018,1.71415292470979e-26,"1","GUCY1B3"
"MT1A",2.387580416116e-30,0.74936468570497,0.303,0.02,3.46867682853332e-26,"1","MT1A"
"GUCY1A2",3.60459354583023e-30,0.465312556272373,0.277,0.013,5.23675350338215e-26,"1","GUCY1A2"
"AC013461.1",6.16512310887538e-30,0.82275511156683,0.555,0.129,8.95669085257415e-26,"1","AC013461.1"
"LGALS1",2.53516186596161e-29,1.12317341883711,1,0.764,3.68308315886903e-25,"1","LGALS1"
"NEXN",3.15342083559897e-29,0.447930478044136,0.277,0.015,4.58128978995819e-25,"1","NEXN"
"FOXS1",4.96642422905226e-29,0.503204098435572,0.294,0.02,7.21522111996712e-25,"1","FOXS1"
"FXYD1",2.14623965515051e-28,0.421458266682946,0.277,0.016,3.11805697100266e-24,"1","FXYD1"
"SDC2",1.23462885109375e-27,0.463209672206151,0.311,0.026,1.79366879486899e-23,"1","SDC2"
"MT2A",1.93602420717323e-27,1.20030395778147,0.983,0.707,2.81265596818127e-23,"1","MT2A"
"GUCY1A3",3.4602814655833e-27,0.536886258804634,0.395,0.054,5.02709691319942e-23,"1","GUCY1A3"
"FXYD6",6.24491501429561e-26,0.92114913509974,0.899,0.522,9.07261253276867e-22,"1","FXYD6"
"TGFBI",9.98324513633302e-26,0.469256766512234,0.269,0.02,1.45036585340646e-21,"1","TGFBI"
"MAP1B",1.32368759674105e-25,0.990288035456,0.706,0.283,1.92305334054539e-21,"1","MAP1B"
"MT1E",3.39142182759756e-24,0.942002020523104,0.437,0.091,4.92705763113373e-20,"1","MT1E"
"ATP1A2",3.56596782152742e-24,0.416789346618099,0.252,0.018,5.18063805111503e-20,"1","ATP1A2"
"RCAN2",5.08389887580538e-24,0.491911005908433,0.353,0.051,7.38588828677005e-20,"1","RCAN2"
"PLAC9",1.69819267866457e-22,0.871007162504176,0.655,0.252,2.46713432356388e-18,"1","PLAC9"
"PHLDA1",2.7992805681372e-22,0.763850130095554,0.521,0.145,4.06679480938973e-18,"1","PHLDA1"
"TBX2",4.23669441183421e-22,0.447242923801085,0.303,0.038,6.15506964151273e-18,"1","TBX2"
"LGALS3BP",5.42501631118733e-22,0.474776206891111,0.336,0.051,7.88146369689296e-18,"1","LGALS3BP"
"CSPG4",6.43704383500535e-22,0.389574684811099,0.252,0.023,9.35173728349578e-18,"1","CSPG4"
"SLC25A6",7.46834529286828e-22,0.740444262280558,0.992,0.891,1.0850012041479e-17,"1","SLC25A6"
"AGT",1.31448414759656e-21,0.65305847989559,0.37,0.071,1.90968256962828e-17,"1","AGT"
"CRYAB",1.69832174135669e-21,0.527612705031818,0.294,0.038,2.467321825843e-17,"1","CRYAB"
"CALM2",1.79091296046549e-21,0.850181231205563,0.992,0.814,2.60183834896427e-17,"1","CALM2"
"SMIM3",4.65553426237495e-21,0.337016661699958,0.286,0.035,6.76356017637833e-17,"1","SMIM3"
"ADIRF",6.52731757668226e-21,1.16009203265919,0.866,0.443,9.48288697540398e-17,"1","ADIRF"
"EPS8",9.17478591117684e-21,0.683427980997831,0.513,0.157,1.33291289717577e-16,"1","EPS8"
"IGFBP5",1.64549125373814e-20,0.652541441914328,0.639,0.214,2.39056969343077e-16,"1","IGFBP5"
"DDR2",3.19854182412557e-20,0.397674165906294,0.294,0.041,4.64684156208963e-16,"1","DDR2"
"ISYNA1",5.38498751618238e-20,0.648241566038672,0.487,0.147,7.82330986350976e-16,"1","ISYNA1"
"PPP1R14A",5.60993522427147e-20,0.815100154590151,0.731,0.346,8.1501138938216e-16,"1","PPP1R14A"
"COL6A1",1.12077028077447e-19,0.545528487468711,0.395,0.089,1.62825506390915e-15,"1","COL6A1"
"ZNF331",4.2717961263838e-19,0.649759205836747,0.378,0.084,6.20606541241039e-15,"1","ZNF331"
"FRMD3",1.08729589504101e-18,0.366701691352805,0.252,0.031,1.57962347631557e-14,"1","FRMD3"
"NDRG2",1.13023763315613e-18,0.758869581971894,0.647,0.288,1.64200923344922e-14,"1","NDRG2"
"CSRP2",1.46370888479039e-18,0.614453252582388,0.454,0.13,2.12647626782347e-14,"1","CSRP2"
"PPP1R12B",2.8229034456001e-18,0.469722979164826,0.353,0.074,4.10111412576782e-14,"1","PPP1R12B"
"SPARCL1",8.42398965505342e-18,0.847464189188372,1,0.857,1.22383721708616e-13,"1","SPARCL1"
"ZEB2",1.64582586283424e-17,0.442233297433235,0.378,0.089,2.39105581352558e-13,"1","ZEB2"
"C20orf27",3.60607247960885e-17,0.402265243587821,0.361,0.082,5.23890209837573e-13,"1","C20orf27"
"ARHGEF17",5.07969211153571e-17,0.377701990548008,0.277,0.046,7.37977669963907e-13,"1","ARHGEF17"
"GPX3",5.08349099777373e-17,0.778341115729638,0.546,0.214,7.38529572156567e-13,"1","GPX3"
"NR4A1",9.80322126917893e-17,0.853079560551531,0.941,0.626,1.42421198598631e-12,"1","NR4A1"
"SLC25A5",2.00218249781316e-16,0.674065301066401,0.908,0.606,2.90877073282296e-12,"1","SLC25A5"
"CCDC3",2.19424863348336e-16,0.343988110507154,0.277,0.048,3.18780441472462e-12,"1","CCDC3"
"GJC1",4.39151225557337e-16,0.389905540228416,0.328,0.072,6.379989004897e-12,"1","GJC1"
"COL6A2",6.9039632835911e-15,0.732685650168239,0.597,0.267,1.00300778584012e-10,"1","COL6A2"
"NFASC",1.88274358391427e-14,0.368656850945001,0.261,0.049,2.73524987871065e-10,"1","NFASC"
"PACSIN2",3.61096140982434e-14,0.416188004436355,0.445,0.147,5.24600473619280e-10,"1","PACSIN2"
"TGFB1I1",4.5011731927368e-14,0.52440348853359,0.479,0.181,6.53930441440803e-10,"1","TGFB1I1"
"GJA4",5.134882163034e-14,0.450943900719938,0.832,0.415,7.4599568064558e-10,"1","GJA4"
"RGS16",7.43314509321714e-14,0.565473791740751,0.487,0.18,1.07988731914259e-09,"1","RGS16"
"NR2F2",7.99267757864651e-14,0.60674892110376,0.529,0.219,1.16117619862577e-09,"1","NR2F2"
"NUPR1",1.13807131525436e-13,0.441841994428072,0.437,0.148,1.65339000680154e-09,"1","NUPR1"
"PDLIM3",1.1818535502559e-13,0.38350005387536,0.286,0.064,1.71699683781177e-09,"1","PDLIM3"
"DSTN",1.76409947456288e-13,0.717162498001961,0.941,0.769,2.56288371664496e-09,"1","DSTN"
"ATP5G3",2.35231506424526e-13,0.671297495810871,0.731,0.471,3.41744332533551e-09,"1","ATP5G3"
"PEBP1",2.42890001742424e-13,0.625565776245379,0.723,0.451,3.52870594531394e-09,"1","PEBP1"
"VAMP2",8.50324793540608e-13,0.540884008086064,0.84,0.554,1.23535186005579e-08,"1","VAMP2"
"FOSB",1.39308510854544e-12,0.576907480430817,1,0.951,2.02387404569482e-08,"1","FOSB"
"KIAA0040",1.45742753278129e-12,0.319321990316277,0.261,0.058,2.11735071962466e-08,"1","KIAA0040"
"GAMT",3.75144896942967e-12,0.342070081820611,0.319,0.089,5.45010506278742e-08,"1","GAMT"
"GRK5",3.95256998302708e-12,0.391149211393647,0.395,0.133,5.74229367134174e-08,"1","GRK5"
"JADE1",4.53481020996655e-12,0.373585882075776,0.37,0.119,6.5881722730394e-08,"1","JADE1"
"SERPINF1",4.54970649148598e-12,0.391619417577749,0.303,0.082,6.60981359083083e-08,"1","SERPINF1"
"ZFHX3",1.25196002633608e-11,0.56223904814145,0.479,0.208,1.81884752626106e-07,"1","ZFHX3"
"MT-CO3",1.72672742847986e-11,0.307094140796962,1,1,2.50858960809554e-07,"1","MT-CO3"
"ANXA6",2.80150928087601e-11,0.461034108636735,0.429,0.171,4.07003268325666e-07,"1","ANXA6"
"FTH1",4.37912640716266e-11,0.333565810882447,1,1,6.36199484432591e-07,"1","FTH1"
"HCFC1R1",5.97931021435763e-11,0.546155324806374,0.487,0.227,8.68674187941877e-07,"1","HCFC1R1"
"BTG2",7.1314529345874e-11,0.637782245605756,0.908,0.621,1.03605748233686e-06,"1","BTG2"
"SERPING1",1.24858301577783e-10,0.442365418413307,0.403,0.157,1.81394140532203e-06,"1","SERPING1"
"SEPT7",1.51836921634469e-10,0.491620891750058,0.941,0.712,2.20588679750557e-06,"1","SEPT7"
"LBH",2.01017516813678e-10,0.48500167209598,0.597,0.305,2.92038248426912e-06,"1","LBH"
"EGR1",2.05167843265534e-10,0.538644929230937,0.975,0.817,2.98067842696168e-06,"1","EGR1"
"CYCS",2.6484521230621e-10,0.710137743253764,0.849,0.591,3.84767124438461e-06,"1","CYCS"
"EBF1",2.85621748970828e-10,0.410815546951749,0.42,0.175,4.14951276904819e-06,"1","EBF1"
"CST3",3.1841808401142e-10,0.621194455448793,0.933,0.748,4.62597792451792e-06,"1","CST3"
"EEF1A1",5.00234720360632e-10,0.307723195811524,1,1,7.26741001739926e-06,"1","EEF1A1"
"MT-CO1",5.70571739522738e-10,0.309677910908124,1,1,8.28926623178634e-06,"1","MT-CO1"
"KANK2",9.82951957274388e-10,0.472940875320909,0.395,0.165,1.42803260352823e-05,"1","KANK2"
"NUCKS1",1.3578522137307e-09,0.434184236288651,0.924,0.703,1.97268769610796e-05,"1","NUCKS1"
"EHD2",1.77358997372543e-09,0.407175637291823,0.462,0.208,2.57667151382831e-05,"1","EHD2"
"FABP5",2.06919781560306e-09,0.390199697644236,0.58,0.292,3.00613058650812e-05,"1","FABP5"
"CCND2",2.30015973445985e-09,0.264874206293901,0.294,0.094,3.34167206222326e-05,"1","CCND2"
"TINAGL1",3.53833262942663e-09,0.472593285820838,0.765,0.514,5.14048964403101e-05,"1","TINAGL1"
"MPRIP",4.46874003667604e-09,0.348837907775141,0.462,0.211,6.49218552528294e-05,"1","MPRIP"
"C11orf96",5.43628679720345e-09,0.452084186870584,0.387,0.16,7.89783745897717e-05,"1","C11orf96"
"YWHAZ",7.22898650047725e-09,0.428503801204734,0.857,0.626,0.000105022715878933,"1","YWHAZ"
"MYO1B",1.11251154092944e-08,0.334880991746901,0.378,0.153,0.000161625676666229,"1","MYO1B"
"CLEC11A",1.14964230019898e-08,0.325643961984908,0.328,0.124,0.000167020033372907,"1","CLEC11A"
"C12orf57",1.51306753077098e-08,0.404802246610922,0.95,0.717,0.000219818450870408,"1","C12orf57"
"FAM129A",1.75864161036739e-08,0.297623606488176,0.261,0.084,0.000255495453154175,"1","FAM129A"
"SLC25A3",1.83012988117653e-08,0.394301804353426,0.941,0.761,0.000265881269137326,"1","SLC25A3"
"ADAMTS4",2.14456886216571e-08,0.589139682272817,0.563,0.341,0.000311562964295435,"1","ADAMTS4"
"MSRB3",2.63176703046838e-08,0.395548790298439,0.387,0.176,0.000382343114186446,"1","MSRB3"
"LITAF",2.85429528550123e-08,0.398160289140475,0.403,0.181,0.000414672019077619,"1","LITAF"
"NR4A2",3.6700210350736e-08,0.415275195142449,0.815,0.532,0.000533180655975493,"1","NR4A2"
"JUN",3.89318647111231e-08,0.402605980375624,1,0.987,0.000565602130523197,"1","JUN"
"ATF3",4.04557597994366e-08,0.456410088538262,0.882,0.624,0.000587741278366216,"1","ATF3"
"CRIP1",4.40491492281708e-08,0.38319933819425,0.395,0.178,0.000639946039986865,"1","CRIP1"
"CYC1",6.32523988145942e-08,0.420505221251913,0.588,0.343,0.000918930849978425,"1","CYC1"
"UBA2",6.80064433001387e-08,0.371994062319542,0.395,0.181,0.000987997608264415,"1","UBA2"
"CD36",7.39927458476083e-08,0.978471467359186,0.479,0.275,0.00107496661167405,"1","CD36"
"NAB1",9.27988683906812e-08,0.287952109166745,0.294,0.11,0.00134818195997982,"1","NAB1"
"OAZ2",9.72024370774458e-08,0.489471363830865,0.916,0.689,0.00141215700586113,"1","OAZ2"
"SELM",1.03816530617287e-07,0.431654938331306,0.815,0.57,0.00150824655680795,"1","SELM"
"KLHDC8B",1.06848792438939e-07,0.297727693284577,0.311,0.124,0.00155229925655291,"1","KLHDC8B"
"CRTC3",1.16716993641131e-07,0.287189126452039,0.277,0.102,0.00169566448361834,"1","CRTC3"
"SARAF",1.33905583265452e-07,0.31308240146834,0.908,0.618,0.00194538031368049,"1","SARAF"
"SPARC",1.38122482140405e-07,0.457473105172403,1,0.932,0.0020066434205358,"1","SPARC"
"GADD45B",1.43479691201123e-07,0.476265825031597,0.916,0.85,0.00208447295376992,"1","GADD45B"
"ATP6V1G1",1.67769092638765e-07,0.334482104430646,0.891,0.666,0.00243734937785598,"1","ATP6V1G1"
"CIRBP",2.05851343189403e-07,0.402841373213846,0.983,0.876,0.00299060831385564,"1","CIRBP"
"RASD1",2.11202685535762e-07,0.496138854781433,0.353,0.163,0.00306835261546355,"1","RASD1"
"FOS",2.83716640245921e-07,0.37957774833812,1,0.988,0.00412183534949274,"1","FOS"
"PTP4A3",3.49729603403205e-07,0.613244827764706,0.504,0.315,0.00508087167824176,"1","PTP4A3"
"ADAMTS1",3.95809913297438e-07,0.331400151632293,0.689,0.438,0.00575032642038518,"1","ADAMTS1"
"SH3PXD2A",4.42977982920037e-07,0.281144670762665,0.361,0.161,0.00643558413586229,"1","SH3PXD2A"
"H3F3B",5.035469093885e-07,0.313290793067849,1,0.997,0.00731552949959613,"1","H3F3B"
"COL18A1",5.89772298998275e-07,0.398132086164346,0.613,0.407,0.00856821195984694,"1","COL18A1"
"GPRC5C",7.34444192607216e-07,0.329332466215514,0.387,0.189,0.0106700052301976,"1","GPRC5C"
"RBP1",8.29639300090324e-07,0.374612044965679,0.42,0.221,0.0120529997517122,"1","RBP1"
"CCDC107",1.03503024794577e-06,0.345139480054219,0.42,0.221,0.0150369194421562,"1","CCDC107"
"ARPC2",1.15048104006386e-06,0.353539015824442,0.983,0.873,0.0167141885500478,"1","ARPC2"
"COX4I1",1.17008121419108e-06,0.356405718678412,1,0.941,0.0169989398797681,"1","COX4I1"
"SEPT11",1.20742378354555e-06,0.326392982575777,0.429,0.226,0.0175414527273498,"1","SEPT11"
"ARHGDIB",1.99961358501867e-06,0.351538448978472,0.899,0.774,0.0290503861631513,"1","ARHGDIB"
"LDHB",2.53965802366152e-06,0.259181005058299,0.874,0.577,0.0368961517677545,"1","LDHB"
"NRGN",3.41636272972357e-06,0.282908129124162,0.252,0.102,0.049632917737424,"1","NRGN"
"SLC25A4",3.5450137920654e-06,0.342872825174768,0.37,0.193,0.0515019603711261,"1","SLC25A4"
"UBXN1",3.57439195267793e-06,0.31533661292835,0.84,0.626,0.051928766288505,"1","UBXN1"
"VDAC2",3.65946698961612e-06,0.366887422564031,0.605,0.432,0.053164736425143,"1","VDAC2"
"EEF2",4.149788060084e-06,0.311617695020523,0.983,0.946,0.0602881209369003,"1","EEF2"
"CCND1",4.30627129183755e-06,0.408130446338726,0.756,0.565,0.0625615093278159,"1","CCND1"
"H2AFJ",4.53085572134593e-06,0.379538971595117,0.487,0.297,0.0658242719197137,"1","H2AFJ"
"SH3BGRL",4.74470402294355e-06,0.357732669072558,0.824,0.623,0.0689310600453239,"1","SH3BGRL"
"AHCYL1",5.47196601085859e-06,0.331369618080808,0.387,0.204,0.0794967222057536,"1","AHCYL1"
"MAPRE2",6.33924313736872e-06,0.301825342466792,0.328,0.158,0.0920965242996928,"1","MAPRE2"
"RPL4",6.96705765282335e-06,0.318392045556635,0.992,0.972,0.101217413580218,"1","RPL4"
"SRRM2",7.62790352058051e-06,0.27649631265582,0.84,0.601,0.110818182346994,"1","SRRM2"
"LINC00667",9.35728689707528e-06,0.25692126954501,0.269,0.119,0.13594266404071,"1","LINC00667"
"MIDN",1.25744726327845e-05,0.376787052426909,0.874,0.689,0.182681938409093,"1","MIDN"
"ATP5B",1.2983496152231e-05,0.439271617549396,0.815,0.687,0.188624232099612,"1","ATP5B"
"ZBTB16",1.30644525504483e-05,0.363507376833617,0.706,0.522,0.189800366652912,"1","ZBTB16"
"CYSTM1",1.31501135556896e-05,0.427101083504644,0.555,0.4,0.191044849737058,"1","CYSTM1"
"MDK",1.36447229924786e-05,0.323122711739879,0.429,0.249,0.198230535634729,"1","MDK"
"AKAP13",1.38923975488166e-05,0.312748578737837,0.639,0.432,0.201828751589208,"1","AKAP13"
"NDUFB7",1.42768557755269e-05,0.262976437173178,0.849,0.591,0.207414160706855,"1","NDUFB7"
"THY1",1.45643018564502e-05,0.495647410106033,0.613,0.412,0.211590177370509,"1","THY1"
"COX8A",1.48738631528579e-05,0.29876897448524,0.874,0.702,0.21608748388472,"1","COX8A"
"TNFSF12",1.50066778011006e-05,0.305120166065844,0.345,0.176,0.218017015094389,"1","TNFSF12"
"MGST3",2.88359363472929e-05,0.341253889936853,0.95,0.839,0.418928483253472,"1","MGST3"
"ITGB1",2.98911729693701e-05,0.300694260448143,0.95,0.878,0.434258960899009,"1","ITGB1"
"CSRNP1",3.0529725293383e-05,0.293467742274888,0.697,0.484,0.443535849062268,"1","CSRNP1"
"FILIP1L",3.3465586293826e-05,0.428737454949012,0.353,0.193,0.486188037676704,"1","FILIP1L"
"VTI1B",3.44267698748399e-05,0.251768492146718,0.328,0.168,0.500152112741674,"1","VTI1B"
"ASAH1",4.52541189975578e-05,0.343782182305972,0.454,0.3,0.657451840796519,"1","ASAH1"
"UACA",5.06033888329218e-05,0.303335023654615,0.597,0.407,0.735166032964688,"1","UACA"
"STAT3",5.16227533110857e-05,0.327260701651492,0.832,0.684,0.749975360103452,"1","STAT3"
"JUNB",5.79671677275944e-05,0.291896796639596,1,0.984,0.842147012746492,"1","JUNB"
"RAB31",6.09094790125753e-05,0.266135539701695,0.37,0.206,0.884892911094693,"1","RAB31"
"ATP5A1",6.37771155537427e-05,0.290932755727568,0.647,0.483,0.926553934764774,"1","ATP5A1"
"ZFP36",6.63018917293543e-05,0.275859574402025,0.983,0.932,0.96323388304406,"1","ZFP36"
"RARRES2",7.09930439627673e-05,0.268741570750431,0.311,0.16,1,"1","RARRES2"
"UBE2E1",7.25626095260626e-05,0.290299089085765,0.403,0.249,1,"1","UBE2E1"
"MT-CO2",8.40228060783066e-05,0.340447712179566,1,1,1,"1","MT-CO2"
"SOCS3",9.23290929430366e-05,0.278681126794534,0.975,0.895,1,"1","SOCS3"
"TLN1",9.74468029875445e-05,0.297957911909876,0.496,0.338,1,"1","TLN1"
"YWHAQ",0.00011862297864632,0.267653201453184,0.773,0.585,1,"1","YWHAQ"
"GSTP1",0.000123410275379026,0.272355649789743,0.975,0.794,1,"1","GSTP1"
"TNS1",0.000129015580815127,0.302702246525937,0.395,0.242,1,"1","TNS1"
"DLC1",0.000146654719202817,0.28836308266023,0.546,0.379,1,"1","DLC1"
"C6orf48",0.000147311473131808,0.304673160658374,0.655,0.488,1,"1","C6orf48"
"LPP",0.000173206266290073,0.349292968773832,0.563,0.43,1,"1","LPP"
"CDKN1A",0.00017852635563828,0.338936371629471,0.916,0.797,1,"1","CDKN1A"
"ARID5B",0.000332799851040005,0.32499738153413,0.555,0.402,1,"1","ARID5B"
"TIMP1",0.000372897625127725,0.490710952377194,0.933,0.835,1,"1","TIMP1"
"EPHX1",0.000380717514685592,0.283931572263492,0.479,0.313,1,"1","EPHX1"
"H1F0",0.000421121015239114,0.330735069476138,0.37,0.239,1,"1","H1F0"
"HMGN3",0.000472040456168517,0.26115958897056,0.731,0.567,1,"1","HMGN3"
"JUND",0.000528131778252844,0.266758868741804,0.924,0.786,1,"1","JUND"
"AP2M1",0.000547987868959761,0.296287158925362,0.832,0.68,1,"1","AP2M1"
"TMEM14C",0.000571295745466639,0.266732264679983,0.538,0.377,1,"1","TMEM14C"
"SLC12A2",0.00057673847366164,0.272928143493858,0.395,0.254,1,"1","SLC12A2"
"MTDH",0.000720977280924899,0.29894564059412,0.824,0.7,1,"1","MTDH"
"NDUFS7",0.000731233063024821,0.259054252726387,0.563,0.417,1,"1","NDUFS7"
"CHURC1",0.000743038804403064,0.314168813716308,0.496,0.362,1,"1","CHURC1"
"FLNA",0.000777542264800105,0.311719719453293,0.504,0.359,1,"1","FLNA"
"ISCU",0.000947061582466623,0.283096226072375,0.605,0.501,1,"1","ISCU"
"BRD2",0.000975999908062786,0.272854512185454,0.773,0.601,1,"1","BRD2"
"GLA",0.00117312280723523,0.254903238160243,0.328,0.198,1,"1","GLA"
"KLF9",0.00118573666176955,0.305516190791246,0.454,0.326,1,"1","KLF9"
"ZBTB20",0.001261560404134,0.250687766097409,0.387,0.257,1,"1","ZBTB20"
"ATP1B3",0.00135787819250347,0.341084772914019,0.655,0.547,1,"1","ATP1B3"
"ANKRD11",0.00168654884586385,0.261335857894632,0.487,0.346,1,"1","ANKRD11"
"SYNE2",0.00187153648789486,0.290673552461835,0.529,0.423,1,"1","SYNE2"
"CHD4",0.00215091646206152,0.254519627688436,0.445,0.315,1,"1","CHD4"
"EEF1D",0.00216706244177321,0.2526049690917,1,0.975,1,"1","EEF1D"
"ILK",0.00224214950628478,0.297883060682003,0.403,0.29,1,"1","ILK"
"ZC3HAV1",0.00233704346835776,0.335189798323109,0.613,0.489,1,"1","ZC3HAV1"
"RRAS",0.0026592667357114,0.282154637288215,0.353,0.237,1,"1","RRAS"
"NDUFS8",0.0027733585648849,0.256407560399585,0.513,0.394,1,"1","NDUFS8"
"DDAH2",0.00284112592980358,0.274860075972611,0.571,0.451,1,"1","DDAH2"
"MGLL",0.00296875136585708,0.299204642307657,0.571,0.451,1,"1","MGLL"
"FILIP1",0.00317466938005348,0.263272101697399,0.597,0.461,1,"1","FILIP1"
"AURKAIP1",0.0035234990493019,0.286731074521388,0.597,0.489,1,"1","AURKAIP1"
"UTRN",0.00357642209370156,0.299143210510467,0.697,0.565,1,"1","UTRN"
"ARPC1A",0.00439886649652125,0.286331910122072,0.513,0.414,1,"1","ARPC1A"
"H2AFZ",0.00547376514268194,0.293357051870164,0.924,0.784,1,"1","H2AFZ"
"WHSC1L1",0.00865063574058455,0.263721189651497,0.361,0.267,1,"1","WHSC1L1"
"PDLIM7",0.0088032660358282,0.300886393497177,0.353,0.257,1,"1","PDLIM7"
